{
  "config": {
    "base_model": "MobileNetV2",
    "img_size": 160,
    "augment": "none",
    "optimizer": "Adamw",
    "lr_stage2": 0.0003,
    "n_unfreeze": 0,
    "epochs_stage1": 15,
    "epochs_stage2": 10,
    "batch_size": 128,
    "seed": 42,
    "json_output_path": "results/run_n0_AdamW_es115.json"
  },
  "metrics": {
    "val_end2end": 0.8727999925613403,
    "test_end2end": 0.8705999851226807
  },
  "curves": {
    "stage1": {
      "accuracy": [
        0.8061555624008179,
        0.8739110827445984,
        0.8953999876976013,
        0.9119333624839783,
        0.9236222505569458,
        0.9332888722419739,
        0.9440000057220459,
        0.9506000280380249,
        0.9574888944625854,
        0.9629999995231628,
        0.9678000211715698,
        0.9708889126777649,
        0.9737777709960938,
        0.9776444435119629,
        0.9785333275794983
      ],
      "loss": [
        0.8392653465270996,
        0.6523438096046448,
        0.6014389991760254,
        0.5661740899085999,
        0.5412846207618713,
        0.5215290188789368,
        0.5038131475448608,
        0.4891311228275299,
        0.4766266942024231,
        0.464671790599823,
        0.4573911130428314,
        0.45037326216697693,
        0.44246944785118103,
        0.43611419200897217,
        0.43351975083351135
      ],
      "val_accuracy": [
        0.8650000095367432,
        0.8673999905586243,
        0.876800000667572,
        0.8726000189781189,
        0.8704000115394592,
        0.8715999722480774,
        0.870199978351593,
        0.8723999857902527,
        0.870199978351593,
        0.868399977684021,
        0.871399998664856,
        0.8687999844551086,
        0.871999979019165,
        0.8733999729156494,
        0.868399977684021
      ],
      "val_loss": [
        0.6646599769592285,
        0.6483765244483948,
        0.6404794454574585,
        0.6404128670692444,
        0.6411577463150024,
        0.6462743878364563,
        0.6490075588226318,
        0.6547180414199829,
        0.6557223200798035,
        0.661355197429657,
        0.6639619469642639,
        0.6699034571647644,
        0.6729931831359863,
        0.6680577397346497,
        0.6701750755310059
      ]
    },
    "stage2": {
      "accuracy": [
        0.9872444272041321,
        0.9897333383560181,
        0.9900000095367432,
        0.9918888807296753,
        0.9915111064910889,
        0.9921777844429016,
        0.992377758026123,
        0.9928666949272156,
        0.9926666617393494,
        0.9933333396911621
      ],
      "loss": [
        0.41203367710113525,
        0.4048767685890198,
        0.4006425738334656,
        0.39806419610977173,
        0.39810213446617126,
        0.39485853910446167,
        0.3932802379131317,
        0.391219824552536,
        0.391264945268631,
        0.38857629895210266
      ],
      "val_accuracy": [
        0.8748000264167786,
        0.871999979019165,
        0.8730000257492065,
        0.8744000196456909,
        0.8723999857902527,
        0.8730000257492065,
        0.8733999729156494,
        0.875,
        0.8736000061035156,
        0.873199999332428
      ],
      "val_loss": [
        0.6578072309494019,
        0.6584228277206421,
        0.6578866243362427,
        0.6582295298576355,
        0.6574799418449402,
        0.6566179990768433,
        0.6576264500617981,
        0.6588435173034668,
        0.6588566303253174,
        0.6582947969436646
      ]
    }
  },
  "timing_sec": {
    "feature_extract": 69.32791113853455,
    "top_train": 24.152687311172485,
    "end2end": 296.8929238319397,
    "total": 390.37352228164673
  },
  "confusion_matrix": [
    [
      888,
      8,
      15,
      8,
      14,
      2,
      1,
      8,
      43,
      13
    ],
    [
      9,
      939,
      1,
      1,
      0,
      3,
      3,
      1,
      8,
      35
    ],
    [
      27,
      2,
      816,
      42,
      45,
      18,
      31,
      11,
      7,
      1
    ],
    [
      14,
      6,
      23,
      755,
      41,
      73,
      46,
      19,
      14,
      9
    ],
    [
      8,
      3,
      38,
      30,
      838,
      12,
      28,
      38,
      3,
      2
    ],
    [
      4,
      1,
      16,
      99,
      20,
      820,
      10,
      27,
      2,
      1
    ],
    [
      7,
      3,
      20,
      27,
      13,
      7,
      920,
      1,
      1,
      1
    ],
    [
      8,
      2,
      9,
      22,
      39,
      27,
      6,
      880,
      2,
      5
    ],
    [
      41,
      16,
      2,
      5,
      5,
      4,
      2,
      1,
      913,
      11
    ],
    [
      11,
      35,
      1,
      1,
      1,
      0,
      0,
      5,
      9,
      937
    ]
  ]
}