{
  "config": {
    "base_model": "MobileNetV2",
    "img_size": 160,
    "n_unfreeze": 30,
    "epochs_stage1": 30,
    "epochs_stage2": 100,
    "batch_size": 64,
    "seed": 42,
    "json_output_path": "results/run_final_optimized.json",
    "augment": "True",
    "rotation": 20,
    "zoom": 0.15,
    "width_shift": 0.1,
    "height_shift": 0.1,
    "use_cutout": false,
    "use_mixup": false
  },
  "metrics": {
    "val_end2end": 0.9228000044822693,
    "test_end2end": 0.9156000018119812
  },
  "curves": {
    "stage1": {
      "accuracy": [
        0.7910666465759277,
        0.8558666706085205,
        0.8752222061157227,
        0.8864444494247437,
        0.89528888463974,
        0.9050222039222717,
        0.9132000207901001,
        0.9346888661384583,
        0.940933346748352,
        0.9462666511535645,
        0.9482222199440002,
        0.9508000016212463,
        0.9578444361686707,
        0.9585777521133423,
        0.9597111344337463,
        0.9616888761520386
      ],
      "loss": [
        0.886030375957489,
        0.7005965113639832,
        0.6535872220993042,
        0.6296189427375793,
        0.6077540516853333,
        0.5909684896469116,
        0.576256275177002,
        0.5300087928771973,
        0.5168036222457886,
        0.5085646510124207,
        0.5012246966362,
        0.49653610587120056,
        0.48359790444374084,
        0.4823594093322754,
        0.4788990318775177,
        0.47706350684165955
      ],
      "val_accuracy": [
        0.8610000014305115,
        0.8636000156402588,
        0.8715999722480774,
        0.8733999729156494,
        0.8694000244140625,
        0.8704000115394592,
        0.8776000142097473,
        0.8830000162124634,
        0.8826000094413757,
        0.8823999762535095,
        0.8830000162124634,
        0.8799999952316284,
        0.8805999755859375,
        0.8802000284194946,
        0.8809999823570251,
        0.881600022315979
      ],
      "val_loss": [
        0.6731608510017395,
        0.6556046009063721,
        0.6466525197029114,
        0.6427217125892639,
        0.6464016437530518,
        0.6468744874000549,
        0.647133469581604,
        0.6317296028137207,
        0.6304057240486145,
        0.6312863230705261,
        0.6326308846473694,
        0.6335865259170532,
        0.6327309012413025,
        0.6325576305389404,
        0.6328132748603821,
        0.6326854228973389
      ],
      "learning_rate": [
        0.0010000000474974513,
        0.0010000000474974513,
        0.0010000000474974513,
        0.0010000000474974513,
        0.0010000000474974513,
        0.0010000000474974513,
        0.0010000000474974513,
        0.00020000000949949026,
        0.00020000000949949026,
        0.00020000000949949026,
        0.00020000000949949026,
        0.00020000000949949026,
        4.0000002627493814e-05,
        4.0000002627493814e-05,
        4.0000002627493814e-05,
        8.000000889296643e-06
      ]
    },
    "stage2": {
      "accuracy": [
        0.7979348301887512,
        0.859375,
        0.8226811289787292,
        0.8125,
        0.835655152797699,
        0.828125,
        0.844712495803833,
        0.90625,
        0.8539478182792664,
        0.859375,
        0.8581315875053406,
        0.90625,
        0.8683238625526428,
        0.828125,
        0.8685908913612366,
        0.875,
        0.8729748725891113,
        0.890625,
        0.8759346604347229,
        0.8125,
        0.8780710101127625,
        0.921875,
        0.8786718845367432,
        0.9375,
        0.8802964091300964,
        0.90625,
        0.8837012648582458,
        0.84375,
        0.8870838284492493,
        0.890625,
        0.8885971307754517,
        0.890625,
        0.8876179456710815,
        0.875,
        0.8923802971839905,
        0.84375,
        0.8914678692817688,
        0.828125,
        0.8940492868423462,
        0.890625,
        0.8942273259162903,
        0.90625,
        0.8945611715316772,
        0.9375,
        0.8949617147445679,
        0.890625,
        0.8974986672401428,
        0.875,
        0.8974986672401428,
        0.90625,
        0.8993457555770874,
        0.9375,
        0.8987894058227539,
        0.96875,
        0.9003471732139587
      ],
      "loss": [
        0.8481829762458801,
        0.7509456276893616,
        0.7863526344299316,
        0.8007482290267944,
        0.753362774848938,
        0.7371641993522644,
        0.730161190032959,
        0.5918883681297302,
        0.7110530734062195,
        0.6721341013908386,
        0.6942299604415894,
        0.6474395990371704,
        0.674468457698822,
        0.7695103883743286,
        0.6697713732719421,
        0.6289335489273071,
        0.6578518748283386,
        0.6885764598846436,
        0.6507760882377625,
        0.7900116443634033,
        0.6484488248825073,
        0.5061317682266235,
        0.642182469367981,
        0.5552862882614136,
        0.6411551833152771,
        0.705979585647583,
        0.6331332921981812,
        0.7092548608779907,
        0.6263998746871948,
        0.6026192903518677,
        0.620587944984436,
        0.614879846572876,
        0.6186767220497131,
        0.5995347499847412,
        0.6109053492546082,
        0.6682246923446655,
        0.6088281869888306,
        0.6279074549674988,
        0.6048919558525085,
        0.5926636457443237,
        0.6050801873207092,
        0.5909639000892639,
        0.6019271016120911,
        0.5375354290008545,
        0.5988253355026245,
        0.5682779550552368,
        0.594448983669281,
        0.709176242351532,
        0.595051109790802,
        0.6453880071640015,
        0.5925454497337341,
        0.5084733963012695,
        0.5924275517463684,
        0.4710332751274109,
        0.5919207334518433
      ],
      "val_accuracy": [
        0.885200023651123,
        0.8859999775886536,
        0.8885999917984009,
        0.8885999917984009,
        0.896399974822998,
        0.8960000276565552,
        0.9010000228881836,
        0.9014000296592712,
        0.899399995803833,
        0.8996000289916992,
        0.901199996471405,
        0.900600016117096,
        0.9056000113487244,
        0.9052000045776367,
        0.9071999788284302,
        0.9074000120162964,
        0.9114000201225281,
        0.9115999937057495,
        0.9092000126838684,
        0.9085999727249146,
        0.9174000024795532,
        0.9179999828338623,
        0.9124000072479248,
        0.9129999876022339,
        0.9133999943733215,
        0.9136000275611877,
        0.9132000207901001,
        0.9133999943733215,
        0.9160000085830688,
        0.9160000085830688,
        0.9101999998092651,
        0.9107999801635742,
        0.9142000079154968,
        0.9139999747276306,
        0.9168000221252441,
        0.9169999957084656,
        0.9179999828338623,
        0.9175999760627747,
        0.9192000031471252,
        0.9193999767303467,
        0.9192000031471252,
        0.91839998960495,
        0.9196000099182129,
        0.9192000031471252,
        0.9228000044822693,
        0.9228000044822693,
        0.9215999841690063,
        0.9215999841690063,
        0.9196000099182129,
        0.9193999767303467,
        0.9193999767303467,
        0.9193999767303467,
        0.9187999963760376,
        0.9192000031471252,
        0.920199990272522
      ],