{
  "config": {
    "base_model": "MobileNetV2",
    "img_size": 160,
    "n_unfreeze": 30,
    "epochs_stage1": 20,
    "epochs_stage2": 40,
    "batch_size": 64,
    "seed": 42,
    "json_output_path": "results/run_full_tune.json",
    "augment": "True",
    "rotation": 20,
    "zoom": 0.15,
    "width_shift": 0.1,
    "height_shift": 0.1
  },
  "metrics": {
    "val_end2end": 0.4246000051498413,
    "test_end2end": 0.41620001196861267
  },
  "curves": {
    "stage1": {
      "accuracy": [
        0.7909777760505676,
        0.8555999994277954,
        0.8750444650650024,
        0.8863111138343811,
        0.896133303642273,
        0.9065777659416199,
        0.912933349609375,
        0.9194889068603516,
        0.9243777990341187,
        0.9441778063774109,
        0.9515777826309204,
        0.9553333520889282,
        0.9593999981880188,
        0.9603111147880554,
        0.9641555547714233,
        0.9642666578292847,
        0.9684444665908813,
        0.9698444604873657,
        0.9697111248970032
      ],
      "loss": [
        0.8864425420761108,
        0.699893057346344,
        0.6529181003570557,
        0.628304123878479,
        0.607189953327179,
        0.5890150666236877,
        0.576491117477417,
        0.5612720847129822,
        0.5529527068138123,
        0.5134381055831909,
        0.4965786337852478,
        0.48959460854530334,
        0.4823949635028839,
        0.4803466200828552,
        0.47417065501213074,
        0.47212404012680054,
        0.4651627540588379,
        0.46113550662994385,
        0.4606698453426361
      ],
      "val_accuracy": [
        0.8629999756813049,
        0.8661999702453613,
        0.871999979019165,
        0.8748000264167786,
        0.8741999864578247,
        0.8748000264167786,
        0.871999979019165,
        0.8726000189781189,
        0.8762000203132629,
        0.878000020980835,
        0.8790000081062317,
        0.876800000667572,
        0.8763999938964844,
        0.8755999803543091,
        0.876800000667572,
        0.8755999803543091,
        0.8758000135421753,
        0.8769999742507935,
        0.8759999871253967
      ],
      "val_loss": [
        0.6740202903747559,
        0.6552606821060181,
        0.6461954116821289,
        0.6418997645378113,
        0.6469745635986328,
        0.6457608342170715,
        0.6514555215835571,
        0.6523699164390564,
        0.6546618938446045,
        0.6423529982566833,
        0.6407390236854553,
        0.6414802074432373,
        0.6431467533111572,
        0.6441360116004944,
        0.6457483172416687,
        0.6461806893348694,
        0.6459954977035522,
        0.6460558176040649,
        0.6457394957542419
      ],
      "learning_rate": [
        0.0010000000474974513,
        0.0010000000474974513,
        0.0010000000474974513,
        0.0010000000474974513,
        0.0010000000474974513,
        0.0010000000474974513,
        0.0010000000474974513,
        0.0010000000474974513,
        0.0010000000474974513,
        0.00020000000949949026,
        0.00020000000949949026,
        0.00020000000949949026,
        0.00020000000949949026,
        0.00020000000949949026,
        0.00020000000949949026,
        0.00020000000949949026,
        4.0000002627493814e-05,
        4.0000002627493814e-05,
        4.0000002627493814e-05
      ]
    },
    "stage2": {
      "accuracy": [
        0.7299715280532837,
        0.796875,
        0.8058127164840698,
        0.796875,
        0.8289567232131958,
        0.875,
        0.8450462818145752,
        0.859375,
        0.8538810610771179,
        0.828125,
        0.8518114686012268,
        0.90625
      ],
      "loss": [
        1.01901113986969,
        0.7868497371673584,
        0.8255569338798523,
        0.8042472004890442,
        0.7601258754730225,
        0.6675178408622742,
        0.7185713052749634,
        0.6479151248931885,
        0.6929650902748108,
        0.718732476234436,
        0.6995822191238403,
        0.678907573223114
      ],
      "val_accuracy": [
        0.39480000734329224,
        0.414000004529953,
        0.39559999108314514,
        0.41940000653266907,
        0.20160000026226044,
        0.20659999549388885,
        0.4246000051498413,
        0.38440001010894775,
        0.25,
        0.22840000689029694,
        0.22779999673366547,
        0.21799999475479126
      ],
      "val_loss": [
        4.5134758949279785,
        4.560300827026367,
        4.108181953430176,
        3.878173828125,
        6.341553688049316,
        6.10020112991333,
        3.8384528160095215,
        4.596660614013672,
        3.3977785110473633,
        3.481058120727539,
        5.017745018005371,
        4.813051700592041
      ],
      "learning_rate": [
        0.0003000000142492354,
        0.0003000000142492354,
        0.0003000000142492354,
        0.0003000000142492354,
        0.0003000000142492354,
        0.0003000000142492354,
        0.0003000000142492354,
        0.0003000000142492354,
        0.0003000000142492354,
        0.0003000000142492354,
        0.0003000000142492354,
        0.0003000000142492354
      ]
    }
  },
  "timing_sec": {
    "feature_extract": 53.98444986343384,
    "top_train": 46.375447511672974,
    "end2end": 190.07614254951477,
    "total": 290.4360399246216
  },
  "confusion_matrix": [
    [
      995,
      0,
      0,
      0,
      0,
      0,
      0,
      0,
      5,
      0
    ],
    [
      129,
      868,
      0,
      0,
      0,
      0,
      0,
      0,
      2,
      1
    ],
    [
      614,
      92,
      55,
      0,
      6,
      0,
      0,
      19,
      214,
      0
    ],
    [
      377,
      411,
      0,
      0,
      3,
      0,
      4,
      1,
      204,
      0
    ],
    [
      453,
      51,
      0,
      0,
      270,
      0,
      0,
      6,
      220,
      0
    ],
    [
      407,
      223,
      0,
      0,
      5,
      2,
      1,
      19,
      343,
      0
    ],
    [
      746,
      80,
      0,
      0,
      1,
      0,
      65,
      0,
      108,
      0
    ],
    [
      400,
      9,
      0,
      0,
      1,
      0,
      0,
      555,
      35,
      0
    ],
    [
      241,
      5,
      0,
      0,
      0,
      0,
      0,
      0,
      753,
      1
    ],
    [
      350,
      40,
      0,
      0,
      0,
      0,
      0,
      0,
      11,
      599
    ]
  ]
}