{
  "config": {
    "base_model": "MobileNetV2",
    "img_size": 160,
    "augment": "none",
    "optimizer": "Adamw",
    "lr_stage2": 0.0003,
    "n_unfreeze": 0,
    "epochs_stage1": 10,
    "epochs_stage2": 10,
    "batch_size": 128,
    "seed": 42,
    "json_output_path": "results/run_n0_AdamW.json"
  },
  "metrics": {
    "val_end2end": 0.878600001335144,
    "test_end2end": 0.8738999962806702
  },
  "curves": {
    "stage1": {
      "accuracy": [
        0.8061555624008179,
        0.8735111355781555,
        0.8951555490493774,
        0.9118221998214722,
        0.9242444634437561,
        0.9344666600227356,
        0.9432222247123718,
        0.9507555365562439,
        0.9580222368240356,
        0.9641333222389221
      ],
      "loss": [
        0.8396244645118713,
        0.6523373126983643,
        0.6009321212768555,
        0.565636396408081,
        0.5407806634902954,
        0.521295964717865,
        0.5039382576942444,
        0.4887814223766327,
        0.4760065972805023,
        0.46438106894493103
      ],
      "val_accuracy": [
        0.866599977016449,
        0.8700000047683716,
        0.8740000128746033,
        0.873199999332428,
        0.871999979019165,
        0.8690000176429749,
        0.8712000250816345,
        0.8712000250816345,
        0.868399977684021,
        0.8709999918937683
      ],
      "val_loss": [
        0.6640917658805847,
        0.647079586982727,
        0.6409423351287842,
        0.6419790983200073,
        0.6439703106880188,
        0.6483977437019348,
        0.647880494594574,
        0.6551257967948914,
        0.6602867245674133,
        0.6616687178611755
      ]
    },
    "stage2": {
      "accuracy": [
        0.9760666489601135,
        0.9811555743217468,
        0.9826666712760925,
        0.9846222400665283,
        0.98580002784729,
        0.9879111051559448,
        0.9878000020980835,
        0.9881555438041687,
        0.9900444149971008,
        0.9893333315849304
      ],
      "loss": [
        0.438253790140152,
        0.4278765916824341,
        0.42176827788352966,
        0.41663864254951477,
        0.41503527760505676,
        0.41021960973739624,
        0.40896672010421753,
        0.40587833523750305,
        0.40419983863830566,
        0.4045890271663666
      ],
      "val_accuracy": [
        0.8751999735832214,
        0.8751999735832214,
        0.8737999796867371,
        0.8748000264167786,
        0.8740000128746033,
        0.8763999938964844,
        0.8740000128746033,
        0.8758000135421753,
        0.8740000128746033,
        0.878600001335144
      ],
      "val_loss": [
        0.6487794518470764,
        0.6512799859046936,
        0.6506505608558655,
        0.650870144367218,
        0.6536404490470886,
        0.652701735496521,
        0.6534993052482605,
        0.6552202701568604,
        0.6545589566230774,
        0.6528986096382141
      ]
    }
  },
  "timing_sec": {
    "feature_extract": 66.48487186431885,
    "top_train": 18.397653341293335,
    "end2end": 331.7504332065582,
    "total": 416.6329584121704
  },
  "confusion_matrix": [
    [
      886,
      9,
      18,
      10,
      10,
      1,
      2,
      6,
      45,
      13
    ],
    [
      9,
      928,
      0,
      4,
      0,
      2,
      5,
      1,
      9,
      42
    ],
    [
      24,
      0,
      836,
      42,
      37,
      18,
      29,
      8,
      5,
      1
    ],
    [
      12,
      8,
      21,
      772,
      38,
      73,
      45,
      18,
      9,
      4
    ],
    [
      8,
      2,
      40,
      31,
      846,
      12,
      20,
      37,
      2,
      2
    ],
    [
      4,
      3,
      14,
      112,
      21,
      809,
      9,
      25,
      2,
      1
    ],
    [
      7,
      1,
      19,
      29,
      11,
      10,
      916,
      3,
      2,
      2
    ],
    [
      9,
      1,
      11,
      20,
      35,
      27,
      6,
      886,
      3,
      2
    ],
    [
      35,
      15,
      5,
      6,
      3,
      3,
      1,
      0,
      920,
      12
    ],
    [
      13,
      31,
      0,
      0,
      1,
      1,
      0,
      6,
      8,
      940
    ]
  ]
}