{
  "config": {
    "base_model": "MobileNetV2",
    "img_size": 160,
    "augment": "none",
    "optimizer": "SGD",
    "lr_stage2": 0.0003,
    "n_unfreeze": 0,
    "epochs_stage1": 10,
    "epochs_stage2": 10,
    "batch_size": 128,
    "seed": 42,
    "json_output_path": "results/run_n0.json"
  },
  "metrics": {
    "val_end2end": 0.8741999864578247,
    "test_end2end": 0.8705999851226807
  },
  "curves": {
    "stage1": {
      "accuracy": [
        0.8064444661140442,
        0.8738222122192383,
        0.8952444195747375,
        0.9118444323539734,
        0.9240666627883911,
        0.9340444207191467,
        0.9441333413124084,
        0.9506444334983826,
        0.9585555791854858,
        0.9637333154678345
      ],
      "loss": [
        0.839784562587738,
        0.6526741981506348,
        0.6020528078079224,
        0.5659912824630737,
        0.5417161583900452,
        0.521254301071167,
        0.5034099817276001,
        0.48866817355155945,
        0.4759679138660431,
        0.46418464183807373
      ],
      "val_accuracy": [
        0.8636000156402588,
        0.8690000176429749,
        0.8744000196456909,
        0.871399998664856,
        0.8736000061035156,
        0.871399998664856,
        0.8726000189781189,
        0.8704000115394592,
        0.8700000047683716,
        0.8715999722480774
      ],
      "val_loss": [
        0.6640512347221375,
        0.647979199886322,
        0.641162633895874,
        0.6408640742301941,
        0.6413828730583191,
        0.6484312415122986,
        0.6487196087837219,
        0.6556585431098938,
        0.6576481461524963,
        0.663169801235199
      ]
    },
    "stage2": {
      "accuracy": [
        0.9729111194610596,
        0.9735999703407288,
        0.9746000170707703,
        0.9758666753768921,
        0.9764666557312012,
        0.977733314037323,
        0.9771777987480164,
        0.9775111079216003,
        0.9781777858734131,
        0.9781110882759094
      ],
      "loss": [
        0.4442484378814697,
        0.4411739110946655,
        0.43882322311401367,
        0.43628832697868347,
        0.43653392791748047,
        0.4342065453529358,
        0.4346587657928467,
        0.43293076753616333,
        0.43237847089767456,
        0.43333423137664795
      ],
      "val_accuracy": [
        0.8722000122070312,
        0.8727999925613403,
        0.873199999332428,
        0.8730000257492065,
        0.8744000196456909,
        0.8737999796867371,
        0.8751999735832214,
        0.8751999735832214,
        0.8748000264167786,
        0.8744000196456909
      ],
      "val_loss": [
        0.6567073464393616,
        0.6546127200126648,
        0.6532872319221497,
        0.6522894501686096,
        0.6514288783073425,
        0.6507359743118286,
        0.6503456234931946,
        0.6498079299926758,
        0.649433970451355,
        0.6490774750709534
      ]
    }
  },
  "timing_sec": {
    "feature_extract": 71.78762006759644,
    "top_train": 18.34662103652954,
    "end2end": 223.24323630332947,
    "total": 313.37747740745544
  },
  "confusion_matrix": [
    [
      884,
      8,
      16,
      8,
      12,
      2,
      1,
      6,
      51,
      12
    ],
    [
      10,
      929,
      0,
      3,
      0,
      2,
      3,
      2,
      11,
      40
    ],
    [
      24,
      0,
      835,
      42,
      33,
      19,
      28,
      11,
      7,
      1
    ],
    [
      15,
      4,
      22,
      765,
      30,
      82,
      42,
      21,
      10,
      9
    ],
    [
      6,
      2,
      47,
      41,
      824,
      14,
      24,
      37,
      4,
      1
    ],
    [
      6,
      0,
      12,
      101,
      21,
      819,
      9,
      27,
      3,
      2
    ],
    [
      5,
      2,
      21,
      25,
      12,
      13,
      917,
      1,
      2,
      2
    ],
    [
      8,
      2,
      9,
      20,
      42,
      26,
      9,
      879,
      3,
      2
    ],
    [
      37,
      14,
      7,
      6,
      2,
      1,
      2,
      1,
      917,
      13
    ],
    [
      13,
      34,
      1,
      0,
      1,
      0,
      0,
      4,
      10,
      937
    ]
  ]
}