{
  "config": {
    "base_model": "MobileNetV2",
    "img_size": 160,
    "n_unfreeze": 30,
    "epochs_stage1": 20,
    "epochs_stage2": 40,
    "batch_size": 64,
    "seed": 42,
    "json_output_path": "results/run_full_tune_low_lr.json",
    "augment": "True",
    "rotation": 20,
    "zoom": 0.15,
    "width_shift": 0.1,
    "height_shift": 0.1
  },
  "metrics": {
    "val_end2end": 0.9164000153541565,
    "test_end2end": 0.9071000218391418
  },
  "curves": {
    "stage1": {
      "accuracy": [
        0.7909777760505676,
        0.8555999994277954,
        0.8750888705253601,
        0.8863999843597412,
        0.8965555429458618,
        0.906844437122345,
        0.9135555624961853,
        0.9199777841567993,
        0.9251777529716492,
        0.9439555406570435,
        0.9516444206237793,
        0.9553777575492859,
        0.9597333073616028,
        0.9610221982002258,
        0.9629777669906616,
        0.9646444320678711,
        0.9684000015258789,
        0.9705777764320374,
        0.9700666666030884,
        0.970288872718811
      ],
      "loss": [
        0.8864425420761108,
        0.699893057346344,
        0.6528908610343933,
        0.6285780668258667,
        0.6067160964012146,
        0.5895528793334961,
        0.5764093399047852,
        0.5605674982070923,
        0.5520029067993164,
        0.5139010548591614,
        0.49653360247612,
        0.4898167550563812,
        0.48253393173217773,
        0.4806002080440521,
        0.4746535122394562,
        0.4719889461994171,
        0.4657091200351715,
        0.46085885167121887,
        0.46075016260147095,
        0.46013176441192627
      ],
      "val_accuracy": [
        0.8629999756813049,
        0.8661999702453613,
        0.8722000122070312,
        0.8762000203132629,
        0.8730000257492065,
        0.8736000061035156,
        0.875,
        0.8737999796867371,
        0.8736000061035156,
        0.8790000081062317,
        0.8777999877929688,
        0.8773999810218811,
        0.878000020980835,
        0.8791999816894531,
        0.8781999945640564,
        0.8758000135421753,
        0.8773999810218811,
        0.8773999810218811,
        0.8762000203132629,
        0.8772000074386597
      ],
      "val_loss": [
        0.6740202903747559,
        0.6552606821060181,
        0.6463941931724548,
        0.642753005027771,
        0.6479844450950623,
        0.6481429934501648,
        0.6517435908317566,
        0.6506181955337524,
        0.6515946984291077,
        0.6410307884216309,
        0.6406422257423401,
        0.6417306065559387,
        0.6424423456192017,
        0.6438937783241272,
        0.6468698382377625,
        0.6478061079978943,
        0.6470596790313721,
        0.6474028825759888,
        0.6468990445137024,
        0.647220253944397
      ],
      "learning_rate": [
        0.0010000000474974513,
        0.0010000000474974513,
        0.0010000000474974513,
        0.0010000000474974513,
        0.0010000000474974513,
        0.0010000000474974513,
        0.0010000000474974513,
        0.0010000000474974513,
        0.0010000000474974513,
        0.00020000000949949026,
        0.00020000000949949026,
        0.00020000000949949026,
        0.00020000000949949026,
        0.00020000000949949026,
        0.00020000000949949026,
        0.00020000000949949026,
        4.0000002627493814e-05,
        4.0000002627493814e-05,
        4.0000002627493814e-05,
        4.0000002627493814e-05
      ]
    },
    "stage2": {
      "accuracy": [
        0.7990697622299194,
        0.828125,
        0.821546196937561,
        0.859375,
        0.8357664346694946,
        0.84375,
        0.843265950679779,
        0.875,
        0.8522343039512634,
        0.921875,
        0.8544151782989502,
        0.90625,
        0.8644739389419556,
        0.859375,
        0.8678787350654602,
        0.9375,
        0.8725965619087219,
        0.859375,
        0.8729304075241089,
        0.75,
        0.8764020204544067,
        0.9375,
        0.8774256706237793,
        0.90625,
        0.879116952419281,
        0.84375,
        0.8799403309822083,
        0.828125,
        0.8851255178451538,
        0.859375,
        0.8849252462387085,
        0.890625,
        0.8883300423622131,
        0.875,
        0.8896207809448242
      ],
      "loss": [
        0.8561049103736877,
        0.7938832640647888,
        0.7932538986206055,
        0.8316251039505005,
        0.760390043258667,
        0.7948998212814331,
        0.73773193359375,
        0.6383594274520874,
        0.7164216041564941,
        0.5395078659057617,
        0.7073882818222046,
        0.6940333247184753,
        0.6820465922355652,
        0.6526409387588501,
        0.6783148050308228,
        0.606756865978241,
        0.6649579405784607,
        0.7064073085784912,
        0.6610838770866394,
        0.7829198837280273,
        0.6534143686294556,
        0.5140028595924377,
        0.6508197784423828,
        0.5713564157485962,
        0.6467618346214294,
        0.70941162109375,
        0.639183759689331,
        0.7209557890892029,
        0.6314205527305603,
        0.6253384947776794,
        0.6284455060958862,
        0.6776283979415894,
        0.6250135898590088,
        0.6869913339614868,
        0.6191321611404419
      ],
      "val_accuracy": [
        0.8813999891281128,
        0.8805999755859375,
        0.8873999714851379,
        0.8870000243186951,
        0.8944000005722046,
        0.8949999809265137,
        0.8974000215530396,
        0.896399974822998,
        0.899399995803833,
        0.8988000154495239,
        0.9010000228881836,
        0.9014000296592712,
        0.9052000045776367,
        0.9052000045776367,
        0.9047999978065491,
        0.9039999842643738,
        0.9075999855995178,
        0.9074000120162964,
        0.9085999727249146,
        0.9083999991416931,
        0.9124000072479248,
        0.9124000072479248,
        0.9093999862670898,
        0.9093999862670898,
        0.9146000146865845,
        0.9139999747276306,
        0.9106000065803528,
        0.9110000133514404,
        0.9161999821662903,
        0.9164000153541565,
        0.909600019454956,
        0.9097999930381775,
        0.9129999876022339,
        0.9129999876022339,
        0.9128000140190125
      ],
      "val_loss": [
        0.6431846022605896,
        0.6434942483901978,
        0.6298757791519165,
        0.6290678381919861,
        0.6067157983779907,
        0.6067213416099548,
        0.5899293422698975,
        0.5906983613967896,
        0.5991004109382629,
        0.599969744682312,
        0.5935322642326355,
        0.5931854248046875,
        0.57149338722229,
        0.571762204170227,
        0.5736771821975708,
        0.5733336806297302,
        0.5669889450073242,
        0.5672699213027954,
        0.566880464553833,
        0.5668030977249146,
        0.5548309087753296,
        0.5548717975616455,
        0.5640803575515747,
        0.5634912848472595,
        0.5492203831672668,
        0.5490642189979553,
        0.5534000396728516,
        0.553290843963623,
        0.5477409362792969,
        0.5475555062294006,
        0.5511118173599243,
        0.5509753227233887,
        0.5526522994041443,
        0.5523976683616638,
        0.5461194515228271
      ],