{
  "config": {
    "base_model": "MobileNetV2",
    "img_size": 160,
    "n_unfreeze": 0,
    "epochs_stage1": 10,
    "epochs_stage2": 10,
    "batch_size": 128,
    "seed": 42,
    "json_output_path": "results/run_aug_custom1.json",
    "augment": "True",
    "rotation": 20,
    "zoom": 0.15,
    "width_shift": 0.1,
    "height_shift": 0.1
  },
  "metrics": {
    "val_end2end": 0.8736000061035156,
    "test_end2end": 0.8705000281333923
  },
  "curves": {
    "stage1": {
      "accuracy": [
        0.8058888912200928,
        0.8745333552360535,
        0.8955110907554626,
        0.9122889041900635,
        0.9238222241401672,
        0.9328444600105286,
        0.9440000057220459,
        0.95051109790802,
        0.957955539226532,
        0.9639555811882019
      ],
      "loss": [
        0.8395797610282898,
        0.65211421251297,
        0.6015247106552124,
        0.5658702850341797,
        0.5415285229682922,
        0.5213313102722168,
        0.5036792159080505,
        0.48909687995910645,
        0.4762105345726013,
        0.46526068449020386
      ],
      "val_accuracy": [
        0.8659999966621399,
        0.8700000047683716,
        0.8733999729156494,
        0.8723999857902527,
        0.870199978351593,
        0.8718000054359436,
        0.8708000183105469,
        0.8691999912261963,
        0.8677999973297119,
        0.8679999709129333
      ],
      "val_loss": [
        0.6631417870521545,
        0.6469810009002686,
        0.640329122543335,
        0.6406619548797607,
        0.6424172520637512,
        0.6489537954330444,
        0.650816023349762,
        0.6565155386924744,
        0.6611952185630798,
        0.6638843417167664
      ]
    },
    "stage2": {
      "accuracy": [
        0.7931226491928101,
        0.8125,
        0.8051568865776062,
        0.8359375,
        0.8105722665786743,
        0.8671875,
        0.8141157031059265,
        0.8125,
        0.8198208212852478,
        0.859375
      ],
      "loss": [
        0.8502165079116821,
        0.7965565919876099,
        0.8172937631607056,
        0.8098957538604736,
        0.7997825145721436,
        0.7670333385467529,
        0.7907983660697937,
        0.7696071863174438,
        0.7792237401008606,
        0.6677283644676208
      ],
      "val_accuracy": [
        0.8709999918937683,
        0.871399998664856,
        0.8736000061035156,
        0.8737999796867371,
        0.8736000061035156,
        0.8736000061035156,
        0.8723999857902527,
        0.8727999925613403,
        0.873199999332428,
        0.8736000061035156
      ],
      "val_loss": [
        0.6648352146148682,
        0.6651464700698853,
        0.6619017124176025,
        0.6614773869514465,
        0.6557531356811523,
        0.6556776165962219,
        0.6531339287757874,
        0.6533120274543762,
        0.6441070437431335,
        0.644324004650116
      ]
    }
  },
  "timing_sec": {
    "feature_extract": 64.55154204368591,
    "top_train": 20.15969944000244,
    "end2end": 118.27457571029663,
    "total": 202.98581719398499
  },
  "confusion_matrix": [
    [
      855,
      7,
      23,
      4,
      12,
      2,
      0,
      5,
      61,
      31
    ],
    [
      5,
      929,
      0,
      0,
      0,
      0,
      2,
      0,
      4,
      60
    ],
    [
      23,
      0,
      839,
      24,
      32,
      17,
      43,
      12,
      6,
      4
    ],
    [
      8,
      9,
      31,
      692,
      31,
      86,
      91,
      21,
      11,
      20
    ],
    [
      5,
      1,
      41,
      10,
      847,
      14,
      42,
      36,
      1,
      3
    ],
    [
      3,
      4,
      14,
      74,
      19,
      830,
      22,
      24,
      6,
      4
    ],
    [
      4,
      2,
      11,
      9,
      11,
      6,
      951,
      2,
      2,
      2
    ],
    [
      7,
      3,
      2,
      11,
      36,
      23,
      11,
      896,
      3,
      8
    ],
    [
      30,
      19,
      1,
      1,
      3,
      1,
      2,
      0,
      912,
      31
    ],
    [
      4,
      34,
      0,
      0,
      1,
      0,
      0,
      2,
      5,
      954
    ]
  ]
}