{
  "config": {
    "base_model": "MobileNetV2",
    "img_size": 160,
    "augment": "none",
    "optimizer": "Adamw",
    "lr_stage2": 0.0003,
    "n_unfreeze": 0,
    "epochs_stage1": 10,
    "epochs_stage2": 10,
    "batch_size": 64,
    "seed": 42,
    "json_output_path": "results/run_n0_AdamW_bs64.json"
  },
  "metrics": {
    "val_end2end": 0.8722000122070312,
    "test_end2end": 0.8725000023841858
  },
  "curves": {
    "stage1": {
      "accuracy": [
        0.808555543422699,
        0.8743777871131897,
        0.8964666724205017,
        0.9114888906478882,
        0.9218666553497314,
        0.9329110980033875,
        0.9431111216545105,
        0.951711118221283,
        0.9581555724143982,
        0.9621555805206299
      ],
      "loss": [
        0.8288385272026062,
        0.6521345973014832,
        0.6011953353881836,
        0.5711418986320496,
        0.5452349185943604,
        0.5248644351959229,
        0.5076453685760498,
        0.491292268037796,
        0.47809356451034546,
        0.4680213928222656
      ],
      "val_accuracy": [
        0.8601999878883362,
        0.8694000244140625,
        0.8755999803543091,
        0.8776000142097473,
        0.8705999851226807,
        0.8741999864578247,
        0.873199999332428,
        0.8763999938964844,
        0.8705999851226807,
        0.8718000054359436
      ],
      "val_loss": [
        0.6716357469558716,
        0.6521113514900208,
        0.647544801235199,
        0.6480678915977478,
        0.6548801064491272,
        0.6540333032608032,
        0.6625232696533203,
        0.6642968058586121,
        0.6775454878807068,
        0.6810906529426575
      ]
    },
    "stage2": {
      "accuracy": [
        0.9764222502708435,
        0.9815333485603333,
        0.9853777885437012,
        0.9865777492523193,
        0.9877777695655823,
        0.9901777505874634,
        0.9886000156402588,
        0.9904444217681885,
        0.9912222027778625,
        0.9919999837875366
      ],
      "loss": [
        0.43665754795074463,
        0.4248504638671875,
        0.4171258807182312,
        0.41378799080848694,
        0.4107632339000702,
        0.4063815474510193,
        0.4059835374355316,
        0.4025908410549164,
        0.4001331925392151,
        0.39903175830841064
      ],
      "val_accuracy": [
        0.8748000264167786,
        0.8755999803543091,
        0.8759999871253967,
        0.8781999945640564,
        0.8737999796867371,
        0.873199999332428,
        0.875,
        0.8740000128746033,
        0.871399998664856,
        0.871399998664856
      ],
      "val_loss": [
        0.6658796072006226,
        0.6641321182250977,
        0.6642429828643799,
        0.6641995906829834,
        0.6651226282119751,
        0.6669180393218994,
        0.6674365997314453,
        0.6658288240432739,
        0.670263946056366,
        0.6696330308914185
      ]
    }
  },
  "timing_sec": {
    "feature_extract": 53.059406042099,
    "top_train": 26.308420181274414,
    "end2end": 310.02472400665283,
    "total": 389.39255023002625
  },
  "confusion_matrix": [
    [
      894,
      7,
      16,
      10,
      11,
      0,
      1,
      8,
      37,
      16
    ],
    [
      8,
      931,
      3,
      3,
      0,
      1,
      5,
      2,
      8,
      39
    ],
    [
      23,
      0,
      837,
      42,
      33,
      17,
      32,
      11,
      4,
      1
    ],
    [
      11,
      8,
      26,
      760,
      25,
      72,
      52,
      26,
      14,
      6
    ],
    [
      12,
      1,
      44,
      35,
      816,
      14,
      32,
      41,
      2,
      3
    ],
    [
      1,
      2,
      16,
      100,
      21,
      816,
      12,
      30,
      1,
      1
    ],
    [
      7,
      1,
      19,
      22,
      10,
      13,
      923,
      2,
      0,
      3
    ],
    [
      8,
      1,
      9,
      21,
      36,
      18,
      7,
      894,
      2,
      4
    ],
    [
      39,
      16,
      2,
      3,
      3,
      2,
      2,
      0,
      921,
      12
    ],
    [
      11,
      34,
      1,
      1,
      1,
      1,
      0,
      7,
      11,
      933
    ]
  ]
}