{
  "config": {
    "base_model": "MobileNetV2",
    "img_size": 160,
    "n_unfreeze": 30,
    "epochs_stage1": 100,
    "epochs_stage2": 500,
    "batch_size": 32,
    "seed": 42,
    "json_output_path": "results/run_final_.json",
    "augment": "True",
    "rotation": 30,
    "zoom": 0.2,
    "width_shift": 0.2,
    "height_shift": 0.2,
    "use_cutout": false,
    "use_mixup": false
  },
  "metrics": {
    "val_end2end": 0.9197999835014343,
    "test_end2end": 0.9190000295639038
  },
  "curves": {
    "stage1": {
      "accuracy": [
        0.7938222289085388,
        0.8511777520179749,
        0.8684444427490234,
        0.8800222277641296,
        0.8913999795913696,
        0.8991555571556091,
        0.9051555395126343,
        0.9133555293083191,
        0.9380221962928772,
        0.9462222456932068,
        0.9503999948501587,
        0.9528666734695435,
        0.9551110863685608,
        0.9587555527687073,
        0.9606888890266418,
        0.9634444713592529,
        0.9669111371040344,
        0.9674222469329834,
        0.9677333235740662,
        0.9685555696487427
      ],
      "loss": [
        0.8828763961791992,
        0.7137470245361328,
        0.6743797063827515,
        0.6486258506774902,
        0.6276782751083374,
        0.6086539626121521,
        0.5956722497940063,
        0.580207109451294,
        0.5317530632019043,
        0.513489842414856,
        0.5023255348205566,
        0.4970209300518036,
        0.4929100275039673,
        0.4875793755054474,
        0.4837368130683899,
        0.474753201007843,
        0.4702223837375641,
        0.4699723422527313,
        0.4692465364933014,
        0.46722447872161865
      ],
      "val_accuracy": [
        0.8610000014305115,
        0.8626000285148621,
        0.8677999973297119,
        0.8633999824523926,
        0.8733999729156494,
        0.8687999844551086,
        0.8691999912261963,
        0.8687999844551086,
        0.8754000067710876,
        0.8763999938964844,
        0.8758000135421753,
        0.8766000270843506,
        0.8781999945640564,
        0.8781999945640564,
        0.879800021648407,
        0.8791999816894531,
        0.8805999755859375,
        0.8791999816894531,
        0.8790000081062317,
        0.8781999945640564
      ],
      "val_loss": [
        0.6734649538993835,
        0.6618860960006714,
        0.6534411907196045,
        0.6594517827033997,
        0.6553540825843811,
        0.6622435450553894,
        0.6621658205986023,
        0.6624535322189331,
        0.6470438241958618,
        0.6453113555908203,
        0.649308443069458,
        0.6489344835281372,
        0.6502188444137573,
        0.6495604515075684,
        0.6525483727455139,
        0.6500788927078247,
        0.6498664617538452,
        0.6495097875595093,
        0.650499701499939,
        0.650307297706604
      ],
      "learning_rate": [
        0.0010000000474974513,
        0.0010000000474974513,
        0.0010000000474974513,
        0.0010000000474974513,
        0.0010000000474974513,
        0.0010000000474974513,
        0.0010000000474974513,
        0.0010000000474974513,
        0.00020000000949949026,
        0.00020000000949949026,
        0.00020000000949949026,
        0.00020000000949949026,
        0.00020000000949949026,
        0.00020000000949949026,
        0.00020000000949949026,
        4.0000002627493814e-05,
        4.0000002627493814e-05,
        4.0000002627493814e-05,
        4.0000002627493814e-05,
        4.0000002627493814e-05
      ]
    },
    "stage2": {
      "accuracy": [
        0.7293853163719177,
        0.75,
        0.7595401406288147,
        0.90625,
        0.7775084376335144,
        0.84375,
        0.791029155254364,
        0.8125,
        0.802815318107605,
        0.71875,
        0.8107542991638184,
        0.75,
        0.8148238658905029,
        0.71875,
        0.8223848342895508,
        0.75,
        0.8286781907081604,
        0.875,
        0.8321250677108765,
        0.8125,
        0.8366171717643738,
        0.84375,
        0.8407089710235596,
        0.8125,
        0.8454234004020691,
        0.9375,
        0.8494040369987488,
        0.875,
        0.8537404537200928,
        0.8125,
        0.8616349697113037,
        0.90625,
        0.8634584546089172,
        0.875,
        0.862991452217102,
        0.875,
        0.8662160038948059,
        0.875,
        0.8672611713409424,
        0.84375,
        0.870663583278656,
        0.8125,
        0.8736879825592041,
        0.875,
        0.8726205229759216,
        0.9375,
        0.8733543753623962,
        0.78125,
        0.8740437626838684,
        0.8125,
        0.8763120174407959,
        0.71875,
        0.875,
        0.9375,
        0.8758005499839783,
        0.875,
        0.8766011595726013,
        0.90625,
        0.8786470293998718,
        0.84375,
        0.8784246444702148,
        1.0,
        0.8786247968673706,
        0.90625,
        0.8785803318023682,
        0.9375,
        0.8784691095352173,
        0.9375,
        0.8789806365966797,
        0.8125,
        0.8823608160018921,
        0.75,
        0.8789806365966797,
        0.8125,
        0.8800035715103149,
        0.96875,
        0.8810932040214539,
        0.9375,
        0.8806929588317871,
        0.78125
      ],
      "loss": [
        1.033072590827942,
        0.9202641248703003,
        0.9490160942077637,
        0.6496286392211914,
        0.9049314260482788,
        0.6428161263465881,
        0.8685405254364014,
        0.7558251023292542,
        0.8356473445892334,
        1.12799072265625,
        0.8178635239601135,
        0.9926300048828125,
        0.8097306489944458,
        0.856147050857544,
        0.788764476776123,
        0.9700695872306824,
        0.7709957361221313,
        0.6941061019897461,
        0.760811448097229,
        0.8835378885269165,
        0.7466747164726257,
        0.7350066900253296,
        0.7393087148666382,
        0.7826297283172607,
        0.7299876809120178,
        0.6262804269790649,
        0.71701979637146,
        0.5638469457626343,
        0.7046148180961609,
        0.808466911315918,
        0.6882683634757996,
        0.5618706941604614,
        0.6832184195518494,
        0.6673320531845093,
        0.6819842457771301,
        0.6555774211883545,
        0.6715032458305359,
        0.6504062414169312,
        0.6729225516319275,
        0.9282944202423096,
        0.6609154343605042,
        0.7876793742179871,
        0.656051754951477,
        0.7681723833084106,
        0.6580910086631775,
        0.43992871046066284,
        0.6549683809280396,
        0.7246774435043335,
        0.6521883606910706,
        0.6872973442077637,
        0.6482874751091003,
        1.1651549339294434,
        0.6499310731887817,
        0.5490944385528564,
        0.6504663825035095,
        0.5292079448699951,
        0.6473655104637146,
        0.6967324614524841,
        0.6413738131523132,
        0.8384825587272644,
        0.6374585032463074,
        0.43445077538490295,
        0.6416152119636536,
        0.5249321460723877,
        0.6393678784370422,
        0.4196438789367676,
        0.6407326459884644,
        0.5698521733283997,
        0.6402814984321594,
        0.7907779216766357,
        0.6342276334762573,
        0.8009192943572998,
        0.641105055809021,
        0.7248652577400208,
        0.6386961936950684,
        0.4511556625366211,
        0.638245165348053,
        0.5222393870353699,
        0.6368236541748047,
        0.7914756536483765
      ],