{
  "config": {
    "base_model": "MobileNetV2",
    "img_size": 160,
    "n_unfreeze": 30,
    "epochs_stage1": 20,
    "epochs_stage2": 40,
    "batch_size": 64,
    "seed": 42,
    "json_output_path": "results/run_full_tune_tta.json",
    "augment": "True",
    "rotation": 20,
    "zoom": 0.15,
    "width_shift": 0.1,
    "height_shift": 0.1
  },
  "metrics": {
    "val_end2end": 0.9218000173568726,
    "test_end2end": 0.9110000133514404
  },
  "curves": {
    "stage1": {
      "accuracy": [
        0.7910666465759277,
        0.8562222123146057,
        0.8742222189903259,
        0.8875555396080017,
        0.8958444595336914,
        0.9073110818862915,
        0.9124666452407837,
        0.9192666411399841,
        0.9238444566726685,
        0.9446222186088562,
        0.9512888789176941,
        0.9549555778503418,
        0.9601777791976929,
        0.9603333473205566,
        0.9624000191688538,
        0.9628666639328003,
        0.9678000211715698,
        0.9697555303573608,
        0.9688888788223267
      ],
      "loss": [
        0.8866541385650635,
        0.7000449299812317,
        0.6529995799064636,
        0.6289753317832947,
        0.6070850491523743,
        0.5892166495323181,
        0.5772600173950195,
        0.5616632103919983,
        0.5528837442398071,
        0.5140472650527954,
        0.496426522731781,
        0.49001193046569824,
        0.4821435213088989,
        0.48106443881988525,
        0.4745081663131714,
        0.47297149896621704,
        0.46628716588020325,
        0.4621066451072693,
        0.46108341217041016
      ],
      "val_accuracy": [
        0.8622000217437744,
        0.8664000034332275,
        0.8715999722480774,
        0.8733999729156494,
        0.8737999796867371,
        0.8733999729156494,
        0.8758000135421753,
        0.8766000270843506,
        0.8773999810218811,
        0.8799999952316284,
        0.8812000155448914,
        0.878600001335144,
        0.878600001335144,
        0.8790000081062317,
        0.878600001335144,
        0.8784000277519226,
        0.8766000270843506,
        0.876800000667572,
        0.8773999810218811
      ],
      "val_loss": [
        0.6732152104377747,
        0.6529313921928406,
        0.6436158418655396,
        0.6409146785736084,
        0.6440033912658691,
        0.6467010974884033,
        0.6502108573913574,
        0.6488297581672668,
        0.6492618322372437,
        0.6379106640815735,
        0.6371815204620361,
        0.6378680467605591,
        0.6383514404296875,
        0.6395810842514038,
        0.6421303749084473,
        0.6422568559646606,
        0.6417145133018494,
        0.6420740485191345,
        0.6417048573493958
      ],
      "learning_rate": [
        0.0010000000474974513,
        0.0010000000474974513,
        0.0010000000474974513,
        0.0010000000474974513,
        0.0010000000474974513,
        0.0010000000474974513,
        0.0010000000474974513,
        0.0010000000474974513,
        0.0010000000474974513,
        0.00020000000949949026,
        0.00020000000949949026,
        0.00020000000949949026,
        0.00020000000949949026,
        0.00020000000949949026,
        0.00020000000949949026,
        0.00020000000949949026,
        4.0000002627493814e-05,
        4.0000002627493814e-05,
        4.0000002627493814e-05
      ]
    },
    "stage2": {
      "accuracy": [
        0.7957539558410645,
        0.796875,
        0.8207228183746338,
        0.875,
        0.8346982598304749,
        0.78125,
        0.8446679711341858,
        0.90625,
        0.851366400718689,
        0.859375,
        0.8560174703598022,
        0.875,
        0.8617144227027893,
        0.75,
        0.8690359592437744,
        0.890625,
        0.8721514940261841,
        0.859375,
        0.8783825635910034,
        0.8125,
        0.880541205406189,
        0.890625,
        0.882922351360321,
        0.921875,
        0.8859043717384338,
        0.859375,
        0.89149010181427,
        0.859375,
        0.8946501612663269,
        0.90625,
        0.8963192105293274,
        0.90625,
        0.8987226486206055,
        0.859375
      ],
      "loss": [
        0.8576579689979553,
        0.7308235168457031,
        0.7938222289085388,
        0.7460920810699463,
        0.7614613771438599,
        0.8188395500183105,
        0.7348065972328186,
        0.6058617830276489,
        0.7172719836235046,
        0.7325747609138489,
        0.7019367814064026,
        0.7100757360458374,
        0.6887853741645813,
        0.8281149864196777,
        0.6746837496757507,
        0.6567098498344421,
        0.6602794528007507,
        0.7145439386367798,
        0.648530125617981,
        0.742668867111206,
        0.6424249410629272,
        0.5250577926635742,
        0.6352024674415588,
        0.6107892990112305,
        0.626010000705719,
        0.7353253364562988,
        0.6155490279197693,
        0.6591007709503174,
        0.6093778610229492,
        0.5679100751876831,
        0.5993689894676208,
        0.5836355090141296,
        0.5969417691230774,
        0.6436007618904114
      ],
      "val_accuracy": [
        0.8805999755859375,
        0.879800021648407,
        0.8863999843597412,
        0.8862000107765198,
        0.8971999883651733,
        0.8966000080108643,
        0.895799994468689,
        0.895799994468689,
        0.9016000032424927,
        0.9016000032424927,
        0.9003999829292297,
        0.8989999890327454,
        0.9056000113487244,
        0.9046000242233276,
        0.9070000052452087,
        0.9067999720573425,
        0.9124000072479248,
        0.9114000201225281,
        0.9056000113487244,
        0.9057999849319458,
        0.9138000011444092,
        0.9138000011444092,
        0.9115999937057495,
        0.9115999937057495,
        0.9164000153541565,
        0.9161999821662903,
        0.9156000018119812,
        0.9168000221252441,
        0.9218000173568726,
        0.9218000173568726,
        0.9175999760627747,
        0.9179999828338623,
        0.9169999957084656,
        0.9172000288963318
      ],
      "val_loss": [
        0.6419355273246765,
        0.6424532532691956,
        0.6328056454658508,
        0.6313537359237671,
        0.598818302154541,
        0.599080502986908,
        0.5937994718551636,
        0.5936224460601807,
        0.5909705758094788,
        0.5912652015686035,
        0.5847011804580688,
        0.585249125957489,
        0.5680809617042542,
        0.5689429044723511,
        0.5696450471878052,
        0.5689494013786316,
        0.5559205412864685,
        0.5562074780464172,
        0.5616043210029602,
        0.5611782670021057,
        0.5478243231773376,
        0.5475902557373047,
        0.545703113079071,
        0.5456201434135437,
        0.5341125726699829,
        0.5346129536628723,
        0.5390232801437378,
        0.5372229218482971,
        0.5304465889930725,
        0.5299668312072754,
        0.5443840622901917,
        0.5446265339851379,
        0.5391380190849304,
        0.5385316610336304
      ],