{
  "config": {
    "base_model": "MobileNetV2",
    "img_size": 160,
    "augment": "none",
    "optimizer": "Adam",
    "lr_stage2": 0.0003,
    "n_unfreeze": 0,
    "epochs_stage1": 10,
    "epochs_stage2": 10,
    "batch_size": 128,
    "seed": 42,
    "json_output_path": "results/run_n0_Adam.json"
  },
  "metrics": {
    "val_end2end": 0.8748000264167786,
    "test_end2end": 0.8708999752998352
  },
  "curves": {
    "stage1": {
      "accuracy": [
        0.8055555820465088,
        0.8735555410385132,
        0.8960888981819153,
        0.9117777943611145,
        0.9239555597305298,
        0.9340000152587891,
        0.9437333345413208,
        0.9507777690887451,
        0.9580444693565369,
        0.963088870048523
      ],
      "loss": [
        0.8393929600715637,
        0.6520735025405884,
        0.60141521692276,
        0.565540075302124,
        0.5415412187576294,
        0.5213491916656494,
        0.5038453936576843,
        0.4888395071029663,
        0.47618594765663147,
        0.4635499119758606
      ],
      "val_accuracy": [
        0.864799976348877,
        0.8690000176429749,
        0.8740000128746033,
        0.8737999796867371,
        0.8726000189781189,
        0.871999979019165,
        0.8723999857902527,
        0.8727999925613403,
        0.8695999979972839,
        0.8727999925613403
      ],
      "val_loss": [
        0.664279580116272,
        0.6474148035049438,
        0.6410030126571655,
        0.6413268446922302,
        0.6416953802108765,
        0.6498948335647583,
        0.6498783826828003,
        0.654242992401123,
        0.6601691246032715,
        0.6614735722541809
      ]
    },
    "stage2": {
      "accuracy": [
        0.9761999845504761,
        0.9810444712638855,
        0.9833777546882629,
        0.9852889180183411,
        0.9855777621269226,
        0.9883555769920349,
        0.9882222414016724,
        0.9891555309295654,
        0.9897111058235168,
        0.9895777702331543
      ],
      "loss": [
        0.4376184344291687,
        0.4276740849018097,
        0.42162588238716125,
        0.4160735309123993,
        0.41443389654159546,
        0.40984925627708435,
        0.40882253646850586,
        0.40573421120643616,
        0.4036446213722229,
        0.4038991332054138
      ],
      "val_accuracy": [
        0.8748000264167786,
        0.8718000054359436,
        0.8748000264167786,
        0.8745999932289124,
        0.8754000067710876,
        0.8748000264167786,
        0.8745999932289124,
        0.8762000203132629,
        0.8736000061035156,
        0.875
      ],
      "val_loss": [
        0.6496439576148987,
        0.6515331268310547,
        0.6508129835128784,
        0.6511044502258301,
        0.652476966381073,
        0.6520216464996338,
        0.6553846001625061,
        0.6554203033447266,
        0.6567341089248657,
        0.6549222469329834
      ]
    }
  },
  "timing_sec": {
    "feature_extract": 68.7044608592987,
    "top_train": 19.129424571990967,
    "end2end": 279.65749168395996,
    "total": 367.49137711524963
  },
  "confusion_matrix": [
    [
      884,
      9,
      16,
      11,
      11,
      1,
      1,
      8,
      45,
      14
    ],
    [
      7,
      933,
      0,
      3,
      0,
      2,
      3,
      1,
      11,
      40
    ],
    [
      22,
      0,
      834,
      41,
      33,
      19,
      34,
      11,
      6,
      0
    ],
    [
      17,
      7,
      20,
      764,
      34,
      76,
      43,
      21,
      9,
      9
    ],
    [
      8,
      3,
      48,
      33,
      830,
      15,
      18,
      41,
      3,
      1
    ],
    [
      5,
      3,
      13,
      102,
      22,
      821,
      7,
      24,
      2,
      1
    ],
    [
      5,
      2,
      21,
      33,
      11,
      12,
      912,
      1,
      1,
      2
    ],
    [
      11,
      1,
      11,
      22,
      32,
      28,
      4,
      887,
      2,
      2
    ],
    [
      43,
      14,
      3,
      5,
      4,
      1,
      2,
      0,
      914,
      14
    ],
    [
      16,
      34,
      0,
      0,
      1,
      1,
      0,
      7,
      11,
      930
    ]
  ]
}